[
  {
    "question": "What is Smegers AI?",
    "answer": "Smegers AI is an AI agency that builds custom AI solutions for businesses. They help companies generate more leads and automate operations using AI tools and agents that work 24/7.",
    "related_articles": []
  },
  {
    "question": "What services does Smegers AI offer?",
    "answer": "Smegers AI offers AI Customer Support Agents, AI Voice Agents, AI App Development, Content Generation Tools, and fully Custom AI Solutions tailored to business needs.",
    "related_articles": []
  },
  {
    "question": "What are AI Customer Support Agents?",
    "answer": "Smegers AI Customer Support Agents are smart, automated systems that handle customer queries 24/7, escalate complex issues to humans, and continuously learn to improve performance.",
    "related_articles": []
  },
  {
    "question": "What can AI Voice Agents do?",
    "answer": "Smegers AI Voice Agents answer calls 24/7, qualify leads automatically, book appointments, and can be trained with your brand's custom voice to create a seamless experience.",
    "related_articles": []
  },
  {
    "question": "What is included in AI App Development?",
    "answer": "Smegers AI builds modern, fully functional AI apps in just 2–4 weeks. This includes design, deployment, optimization, and ongoing support.",
    "related_articles": []
  },
  {
    "question": "How fast can Smegers AI deliver a custom AI solution?",
    "answer": "Smegers AI typically delivers fully built custom AI applications within 14 days.",
    "related_articles": []
  },
  {
    "question": "What are the benefits of using Smegers AI solutions?",
    "answer": "Businesses benefit from 24/7 availability, 5x more leads, faster response times, and intelligent automation that simplifies operations and scales performance.",
    "related_articles": []
  },
  {
    "question": "Can I see examples of past projects by Smegers AI?",
    "answer": "Yes. Smegers AI has delivered projects including a Voice Agent for customer service automation, a Content Generation platform for social media, a Lead Qualification System, Smart Appointment Booking tools, an AI Sales Assistant, and a Document Processing AI.",
    "related_articles": []
  },
  {
    "question": "What does the Voice Agent project include?",
    "answer": "The Voice Agent project involved automating 24/7 customer service for an e-commerce platform using Voice AI technology.",
    "related_articles": []
  },
  {
    "question": "What is the Content Generation Platform by Smegers AI?",
    "answer": "It’s an AI-powered tool that automates content creation for social media marketing, helping businesses scale their online presence quickly and efficiently.",
    "related_articles": []
  },
  {
    "question": "What does the Lead Qualification System do?",
    "answer": "The AI agent scores and qualifies leads automatically using smart analytics and CRM integration, helping sales teams focus on high-value prospects.",
    "related_articles": []
  },
  {
    "question": "What is the Smart Appointment Booking tool?",
    "answer": "A voice-powered AI that books appointments seamlessly with calendar integration, helping businesses streamline scheduling tasks.",
    "related_articles": []
  },
  {
    "question": "What is the AI Sales Assistant?",
    "answer": "An AI system that provides personalized sales recommendations and automates follow-ups based on CRM data and customer behavior.",
    "related_articles": []
  },
  {
    "question": "What does the Document Processing AI do?",
    "answer": "It automates document analysis and data extraction using advanced OCR and AI analytics, reducing manual work and improving accuracy.",
    "related_articles": []
  },
  {
    "question": "Do you offer a free consultation?",
    "answer": "Yes, Smegers AI offers a completely free 15–30 minute consultation call on Google Meet. It includes project analysis, solution recommendations, timelines, ROI projections, and more.",
    "related_articles": []
  },
  {
    "question": "What happens during the free consultation call?",
    "answer": "During the consultation, you'll receive a detailed project analysis, custom AI solution suggestions, estimated timelines and costs, ROI projections, and an implementation roadmap — with no commitment required.",
    "related_articles": []
  },
  {
    "question": "What is the client satisfaction rate at Smegers AI?",
    "answer": "Smegers AI boasts a 95% client satisfaction rate with over 250 projects successfully completed and an average rating of 4.7 out of 5.",
    "related_articles": []
  },
  {
    "question": "What do clients say about Smegers AI?",
    "answer": "Clients praise Smegers AI for professionalism, responsiveness, and results. Testimonials mention how tools like content generation and custom AI email systems have become essential to their operations.",
    "related_articles": []
  },
  {
    "question": "Who are some of Smegers AI's clients?",
    "answer": "Smegers AI is trusted by global companies including Tencent, Saudi Aramco, and Bayanat.",
    "related_articles": []
  },
  {
    "question": "How can I contact Smegers AI?",
    "answer": "You can contact Smegers AI via email at smegers.ai@smegersai.com.",
    "related_articles": []
  },
  {
    "question": "Where is Smegers AI located?",
    "answer": "Smegers AI is based in Cork, Ireland.",
    "related_articles": []
  },
  {
    "question": "How do I get started with Smegers AI?",
    "answer": "To get started, visit the Smegers AI website and book your free consultation through the 'Get Started' or 'Schedule Your Free Consultation' buttons.",
    "related_articles": []
  },
  {
    "question": "What makes Smegers AI different from other AI agencies?",
    "answer": "Smegers AI focuses on speed, customizability, and ROI. They deliver fully functional AI solutions in as little as 14 days, tailored to your unique business needs, with ongoing optimization and support.",
    "related_articles": []
  },
  {
    "question": "Can Smegers AI tools integrate with my existing CRM or calendar system?",
    "answer": "Yes, Smegers AI solutions are built to integrate with popular CRMs, scheduling platforms, and internal systems through APIs or direct integrations.",
    "related_articles": []
  },
  {
    "question": "What platforms can Smegers AI voice agents work on?",
    "answer": "Smegers AI Voice Agents can operate on phone lines, VoIP platforms, mobile devices, and browser-based systems depending on your business needs.",
    "related_articles": []
  },
  {
    "question": "Can I customize the voice of my AI receptionist?",
    "answer": "Yes, Smegers AI offers custom voice training for Voice Agents so they match your brand tone, personality, and even accent preferences.",
    "related_articles": []
  },
  {
    "question": "Is there a limit to how many customers the AI support agent can handle?",
    "answer": "No, Smegers AI agents scale automatically and can handle thousands of simultaneous interactions without delay.",
    "related_articles": []
  },
  {
    "question": "Do I need technical knowledge to work with Smegers AI?",
    "answer": "No technical background is required. The Smegers AI team handles everything from planning and development to launch and support.",
    "related_articles": []
  },
  {
    "question": "Does Smegers AI provide support after the project is delivered?",
    "answer": "Yes, ongoing support and optimization are included with every project to ensure long-term success and performance tuning.",
    "related_articles": []
  },
  {
    "question": "Can Smegers AI help with social media automation?",
    "answer": "Yes, their Content Generation Platform is designed to automate social media content creation, helping you stay consistent and scalable online.",
    "related_articles": []
  },
  {
    "question": "What kind of lead gen tools does Smegers AI build?",
    "answer": "Smegers AI builds intelligent lead scoring and qualification systems that identify high-intent leads and pass them to your sales team in real time.",
    "related_articles": []
  },
  {
    "question": "Is the consultation with Smegers AI really free?",
    "answer": "Yes, the consultation is 100% free, with no commitment. You’ll get expert insights, a tailored roadmap, and ROI projections even if you don’t move forward.",
    "related_articles": []
  },
  {
    "question": "How does AI increase lead conversion?",
    "answer": "Smegers AI tools increase lead conversion by qualifying leads faster, responding instantly, personalizing interactions, and automating follow-ups.",
    "related_articles": []
  },
  {
    "question": "Can Smegers AI improve customer satisfaction?",
    "answer": "Yes, AI Customer Support Agents provide instant, 24/7 responses to common questions, reducing wait times and improving customer satisfaction.",
    "related_articles": []
  },
  {
    "question": "Do you offer analytics with your AI tools?",
    "answer": "Yes, most AI solutions by Smegers include real-time analytics and performance dashboards to track success and optimize ROI.",
    "related_articles": []
  },
  {
    "question": "What’s the average ROI for a Smegers AI solution?",
    "answer": "While ROI varies by industry, most clients see significant gains in lead volume, customer retention, and operational efficiency within 30–60 days of deployment.",
    "related_articles": []
  },
  {
    "question": "Can I white-label the AI solution you build for me?",
    "answer": "Yes, Smegers AI offers white-label solutions so you can brand and resell the tools under your company name.",
    "related_articles": []
  },
  {
    "question": "What kinds of businesses does Smegers AI work with?",
    "answer": "Smegers AI works with startups, SMBs, and enterprise clients across industries including e-commerce, healthcare, SaaS, real estate, finance, and marketing.",
    "related_articles": []
  },
  {
    "question": "Can Smegers AI help me reduce support staff costs?",
    "answer": "Yes, AI Support Agents handle routine queries automatically, reducing the need for large support teams while maintaining a high customer experience.",
    "related_articles": []
  },
  {
    "question": "Can I request a custom workflow for my AI agent?",
    "answer": "Absolutely. Every AI agent is custom-designed to match your specific workflow, logic, escalation path, and integrations.",
    "related_articles": []
  },
  {
    "question": "Is Smegers AI suitable for international companies?",
    "answer": "Yes, their tools can be localized for different languages and regions, making them ideal for global operations.",
    "related_articles": []
  },
  {
    "question": "What technologies does Smegers AI use?",
    "answer": "Smegers AI leverages state-of-the-art models including LLMs (like GPT), speech-to-text, text-to-speech, NLP, OCR, and analytics frameworks for building intelligent agents.",
    "related_articles": []
  },
  {
    "question": "Can I upgrade or expand my AI system later?",
    "answer": "Yes, Smegers AI designs every solution with scalability in mind, so you can expand functionality or capacity as your business grows.",
    "related_articles": []
  },
  {
    "question": "Will I own the code or software you build?",
    "answer": "Yes, unless otherwise arranged, clients retain full ownership of custom AI software built by Smegers AI.",
    "related_articles": []
  },
  {
    "question": "How secure are the AI systems you build?",
    "answer": "Smegers AI follows strict data privacy and security protocols, including encryption, access controls, and compliance with industry standards.",
    "related_articles": []
  },
  {
    "question": "What kind of content can your Content AI tools generate?",
    "answer": "The Content Generation platform can create social media posts, blog drafts, product descriptions, ad copy, and more — all tailored to your audience and brand voice.",
    "related_articles": []
  },
  {
    "question": "Do you support integrations with Zapier or Make?",
    "answer": "Yes, Smegers AI solutions can integrate with platforms like Zapier, Make, and other workflow automation tools to streamline your operations.",
    "related_articles": []
  },
  {
    "question": "How does Smegers AI qualify leads automatically?",
    "answer": "Smegers AI uses AI agents to analyze incoming inquiries, assess lead intent and behavior, and assign scores or route qualified prospects to sales reps automatically.",
    "related_articles": []
  },
  {
    "question": "What happens if the AI can’t answer a customer’s question?",
    "answer": "If a query is too complex or outside the AI’s training scope, it is instantly escalated to a human agent with full context for seamless handover.",
    "related_articles": []
  },
  {
    "question": "Can I monitor conversations between the AI and my customers?",
    "answer": "Yes, Smegers AI provides access to logs and analytics dashboards where you can review conversations, identify drop-off points, and optimize responses.",
    "related_articles": []
  },
  {
    "question": "How long does it take to deploy a solution after the consultation?",
    "answer": "Most solutions are scoped and delivered within 14 business days following the initial consultation and approval process.",
    "related_articles": []
  },
  {
    "question": "Do you offer multi-language support for AI agents?",
    "answer": "Yes, AI agents from Smegers AI can be configured to support multiple languages, allowing businesses to serve global customers efficiently.",
    "related_articles": []
  },
  {
    "question": "Can Smegers AI agents handle voice and text input?",
    "answer": "Yes, agents can be deployed across both voice (calls, VoIP) and text (chat, email, social messaging) channels, depending on your business needs.",
    "related_articles": []
  },
  {
    "question": "What types of businesses benefit most from Smegers AI?",
    "answer": "Service-based businesses, e-commerce, SaaS platforms, real estate, healthcare, and B2B sales teams often see the fastest ROI from Smegers AI tools.",
    "related_articles": []
  },
  {
    "question": "Can Smegers AI help reduce missed calls or lost leads?",
    "answer": "Yes. With AI Voice Agents active 24/7, your business never misses a call or inquiry, significantly reducing lost opportunities and boosting conversion rates.",
    "related_articles": []
  },
  {
    "question": "How does the smart appointment booking system work?",
    "answer": "It uses a voice or chat interface to understand availability, access your calendar, and automatically schedule appointments, complete with confirmation and follow-up.",
    "related_articles": []
  },
  {
    "question": "Do I need to provide data for the AI to work?",
    "answer": "Yes, providing access to relevant data like FAQs, call logs, workflows, or CRM records allows the AI to be trained and fine-tuned for your business.",
    "related_articles": []
  },
  {
    "question": "Can I test the AI agent before going live?",
    "answer": "Yes, you’ll be able to review and test the AI in a staging environment to make sure it performs correctly before launch.",
    "related_articles": []
  },
  {
    "question": "What if I need to update the AI responses later?",
    "answer": "Smegers AI includes ongoing support and provides tools to update content, retrain models, and tweak flows as your business evolves.",
    "related_articles": []
  },
  {
    "question": "Do I need to sign a long-term contract?",
    "answer": "No, there’s no long-term commitment required. You can choose flexible plans based on your goals and scale up or down as needed.",
    "related_articles": []
  },
  {
    "question": "Can your AI agents recognize customer intent?",
    "answer": "Yes, Smegers AI agents use natural language understanding (NLU) to detect customer intent and trigger appropriate actions or responses.",
    "related_articles": []
  },
  {
    "question": "Do Smegers AI solutions work on mobile devices?",
    "answer": "Yes, AI chat and voice tools are fully mobile-compatible and can operate via web apps, chat widgets, or phone systems.",
    "related_articles": []
  },
  {
    "question": "Can you train the AI on industry-specific data?",
    "answer": "Absolutely. Smegers AI can use your domain-specific content and terminology to tailor AI behavior to your niche and use case.",
    "related_articles": []
  },
  {
    "question": "Do you help with deployment and onboarding?",
    "answer": "Yes, every project includes end-to-end setup, training, deployment assistance, and onboarding for your team.",
    "related_articles": []
  },
  {
    "question": "How does AI improve operational efficiency?",
    "answer": "AI reduces manual workloads, eliminates response delays, automates repetitive tasks, and ensures consistent performance — freeing up your team for higher-value work.",
    "related_articles": []
  },
  {
    "question": "Can I see performance metrics in real time?",
    "answer": "Yes, dashboards provide insights into metrics like response time, resolution rate, conversions, and customer satisfaction in real time.",
    "related_articles": []
  },
  {
    "question": "Can I brand the AI interface to match my business?",
    "answer": "Yes, all user-facing elements — from voice tone to chat design — can be fully customized to match your brand style and personality.",
    "related_articles": []
  },
  {
    "question": "How does AI help scale my business?",
    "answer": "Smegers AI tools scale instantly without hiring, meaning you can handle more customers, leads, and tasks with the same core team.",
    "related_articles": []
  },
  {
    "question": "Will the AI get smarter over time?",
    "answer": "Yes, Smegers AI agents are built to learn from interactions, adapt to customer behavior, and improve accuracy with usage.",
    "related_articles": []
  },
  {
    "question": "Can Smegers AI help automate email replies?",
    "answer": "Yes, custom AI email agents can parse inbound messages and generate smart, contextual replies based on company knowledge and user intent.",
    "related_articles": []
  },
  {
    "question": "How do I know if AI is right for my business?",
    "answer": "Book a free consultation and we’ll assess your workflows, goals, and pain points to see if and where AI can bring value and measurable ROI.",
    "related_articles": []
  },
  {
    "question": "Can AI help me onboard new customers faster?",
    "answer": "Yes, onboarding agents can walk new customers through setup, answer common questions, and ensure a smooth transition into your service or product.",
    "related_articles": []
  },
  {
    "question": "Where is Smegers AI located?",
    "answer": "Smegers AI is headquartered in Cork, Ireland, and serves clients globally.",
    "related_articles": []
  },
  {
    "question": "What is the best way to contact Smegers AI?",
    "answer": "You can contact Smegers AI via email at smegers.ai@smegersai.com.",
    "related_articles": []
  },
  {
    "question": "Does Smegers AI serve international clients?",
    "answer": "Yes, Smegers AI works with businesses around the world, with solutions built to support global markets and languages.",
    "related_articles": []
  },
  {
    "question": "What time zone is Smegers AI based in?",
    "answer": "Smegers AI operates in the GMT (Greenwich Mean Time) timezone, based in Cork, Ireland.",
    "related_articles": []
  },
  {
    "question": "Do you have a live chat for support or sales?",
    "answer": "At this time, support is handled via email and scheduled consultation calls. Live chat is available on request for enterprise clients.",
    "related_articles": []
  },
  {
    "question": "How quickly does Smegers AI respond to inquiries?",
    "answer": "Inquiries are typically answered within 24 business hours, often sooner.",
    "related_articles": []
  },
  {
    "question": "What is the AI Sales Assistant?",
    "answer": "The AI Sales Assistant provides personalized product recommendations, handles inquiries, and automates follow-ups using CRM data.",
    "related_articles": []
  },
  {
    "question": "What is the Smart Booking Bot?",
    "answer": "The Smart Booking Bot is a voice- or chat-based agent that integrates with calendars and books appointments automatically based on customer input.",
    "related_articles": []
  },
  {
    "question": "What does the Document AI solution do?",
    "answer": "Document AI extracts, processes, and analyzes structured and unstructured data from scanned or uploaded documents automatically.",
    "related_articles": []
  },
  {
    "question": "Is there a demo of your AI agents available?",
    "answer": "Yes, a demo can be arranged during the consultation. You’ll get to see the agent in action and test key features.",
    "related_articles": []
  },
  {
    "question": "Do you offer different pricing tiers or packages?",
    "answer": "Yes, Smegers AI offers flexible pricing based on project scope, integrations, and customization needs. Book a consultation for an exact quote.",
    "related_articles": []
  },
  {
    "question": "Is the initial consultation really free?",
    "answer": "Yes, the first consultation is completely free and includes a project roadmap, technical recommendations, and estimated ROI.",
    "related_articles": []
  },
  {
    "question": "How long is the free consultation?",
    "answer": "The consultation lasts between 15–30 minutes via Google Meet video call.",
    "related_articles": []
  },
  {
    "question": "Will I get a project quote after the consultation?",
    "answer": "Yes, you’ll receive a detailed proposal including cost estimate, timeline, and recommended solution path.",
    "related_articles": []
  },
  {
    "question": "Is there a setup fee?",
    "answer": "There is no fixed setup fee — all costs are built into the scoped project price. You’ll receive full transparency before committing.",
    "related_articles": []
  },
  {
    "question": "Can Smegers AI help startups?",
    "answer": "Yes, Smegers AI frequently works with startups to launch AI solutions quickly, affordably, and with scalable infrastructure.",
    "related_articles": []
  },
  {
    "question": "Do you work with enterprise businesses?",
    "answer": "Yes, Smegers AI has delivered AI solutions for enterprise clients including Tencent, Saudi Aramco, and Bayanat.",
    "related_articles": []
  },
  {
    "question": "Do you work with healthcare providers?",
    "answer": "Yes, AI agents can be customized for patient intake, appointment scheduling, document processing, and FAQ handling in healthcare settings.",
    "related_articles": []
  },
  {
    "question": "How can real estate agencies use Smegers AI?",
    "answer": "Real estate businesses use AI to automate lead qualification, property inquiry responses, and 24/7 phone support.",
    "related_articles": []
  },
  {
    "question": "Do you offer AI tools for e-commerce businesses?",
    "answer": "Yes, Smegers AI builds customer service bots and voice agents that assist with order tracking, product questions, and returns.",
    "related_articles": []
  },
  {
    "question": "What types of AI models do you use?",
    "answer": "Smegers AI uses advanced language models such as GPT, and supports integrations with OpenAI, Google Cloud AI, and custom LLMs.",
    "related_articles": []
  },
  {
    "question": "Can you integrate with my website or mobile app?",
    "answer": "Yes, Smegers AI solutions can be embedded into websites, mobile apps, or internal platforms using standard API and SDK options.",
    "related_articles": []
  },
  {
    "question": "Do I get admin access to my AI system?",
    "answer": "Yes, you will have full admin access to monitor, configure, and update your system based on your access level and package.",
    "related_articles": []
  },
  {
    "question": "What programming languages or platforms do you build with?",
    "answer": "Smegers AI uses modern tech stacks including Python, Node.js, React, and popular AI libraries for scalable deployment.",
    "related_articles": []
  },
  {
    "question": "Can I update the content in my AI assistant later?",
    "answer": "Yes, the AI content can be edited anytime through a simple interface or with help from your assigned support specialist.",
    "related_articles": []
  },
  {
    "question": "Is my data secure with Smegers AI?",
    "answer": "Yes, Smegers AI uses encryption, secure servers, and role-based access to protect all client and end-user data.",
    "related_articles": []
  },
  {
    "question": "Can you help if I’m replacing an existing AI system?",
    "answer": "Yes, Smegers AI can migrate or upgrade your current solution and help you improve performance and integration.",
    "related_articles": []
  },
  {
    "question": "Can I resell the AI solution you build for me?",
    "answer": "Yes, white-label and reseller agreements are available. Contact us to learn more.",
    "related_articles": []
  },
  {
    "question": "Do you offer training for my team?",
    "answer": "Yes, training sessions are available to ensure your staff understands how to manage and use the AI system effectively.",
    "related_articles": []
  },
  {
    "question": "Can I request changes after my AI goes live?",
    "answer": "Absolutely. Post-launch adjustments, improvements, and new feature rollouts are all part of the ongoing support.",
    "related_articles": []
  },
  {
    "question": "Do your agents support voice transcription?",
    "answer": "Yes, Voice AI agents support real-time transcription and can log conversations for future reference and analysis.",
    "related_articles": []
  },
  {
    "question": "How does AI help reduce response times?",
    "answer": "AI agents respond instantly to common queries, cutting average response times to seconds and improving customer satisfaction.",
    "related_articles": []
  },
  {
    "question": "What makes your AI better than chatbots?",
    "answer": "Smegers AI agents use natural language understanding, voice synthesis, and real-time context memory — far beyond basic chatbot scripts.",
    "related_articles": []
  },
  {
    "question": "Do your solutions work on WhatsApp or Messenger?",
    "answer": "Yes, conversational agents can be deployed to WhatsApp, Messenger, and other third-party messaging platforms.",
    "related_articles": []
  },
  {
    "question": "Do you build internal tools or AI dashboards?",
    "answer": "Yes, Smegers AI can create internal productivity tools such as knowledge assistants, data extractors, and team support bots.",
    "related_articles": []
  },
  {
    "question": "Can I use your AI agents for outbound calls?",
    "answer": "Yes, outbound Voice AI agents can be used for follow-ups, appointment reminders, or outbound lead outreach.",
    "related_articles": []
  },
  {
    "question": "How do I prepare for the first consultation?",
    "answer": "Have a rough idea of your goal, current tools, and challenges. We’ll guide you through everything else on the call.",
    "related_articles": []
  },
  {
    "question": "How many users can your AI systems handle?",
    "answer": "Our systems are built to scale, with no hard limit on users. Load capacity is defined by your chosen infrastructure.",
    "related_articles": []
  },
  {
    "question": "Can the AI escalate to a human if needed?",
    "answer": "Yes, any AI agent can be programmed to escalate to a live human agent when a threshold is met or on request.",
    "related_articles": []
  },
  {
    "question": "How does your AI learn over time?",
    "answer": "Smegers AI agents use machine learning feedback loops to continuously improve accuracy based on user interactions and outcomes.",
    "related_articles": []
  },
  {
    "question": "Can I pause or cancel service at any time?",
    "answer": "Yes, there’s no long-term lock-in. You can pause or cancel service with notice depending on your plan type.",
    "related_articles": []
  },
  {
    "question": "What kind of ROI can I expect from AI automation?",
    "answer": "Clients typically see 3–5x ROI through reduced costs, higher conversions, and improved efficiency within the first 60 days.",
    "related_articles": []
  },
  {
    "question": "How do you ensure the AI aligns with my brand voice?",
    "answer": "We work with you to define tone, language style, and personality traits during the training and testing phase.",
    "related_articles": []
  },
  {
    "question": "Do I need a developer to manage the AI once it's live?",
    "answer": "No. Most systems include easy interfaces to monitor or edit. Ongoing support is available if needed.",
    "related_articles": []
  },
  {
    "question": "Can I use Smegers AI to build an AI SaaS product?",
    "answer": "Yes, we build AI-powered SaaS products end-to-end and can assist with go-to-market planning, branding, and tech infrastructure.",
    "related_articles": []
  }
]
